{
  "actual": [
    83.077,
    81.32,
    82.89,
    81.328,
    82.838,
    81.003,
    83.031,
    83.015,
    82.795,
    82.919,
    83.118,
    83.576,
    81.358,
    83.088,
    83.588
  ],
  "predicted": [
    83.02339588936988,
    81.42299149182303,
    82.83285039562288,
    81.35303890960891,
    82.84058721019724,
    81.35701901013802,
    82.87644078980277,
    82.88536219191913,
    82.81851850673398,
    82.82804030543531,
    83.09477171645023,
    83.49968610846562,
    81.42299149182303,
    83.18262416883114,
    83.6293306878307
  ],
  "residuals": [
    0.053604110630118385,
    -0.10299149182303324,
    0.05714960437711625,
    -0.02503890960890942,
    -0.0025872101972481687,
    -0.3540190101380176,
    0.15455921019723462,
    0.12963780808087222,
    -0.023518506733978484,
    0.09095969456468822,
    0.023228283549769912,
    0.07631389153436885,
    -0.06499149182302233,
    -0.094624168831146,
    -0.04133068783070826
  ],
  "feature_names": [
    "lap_number",
    "lap_progress",
    "tire_age",
    "tire_age_squared",
    "fuel_remaining_kg",
    "fuel_consumed_kg",
    "compound_HARD",
    "fp3_baseline_pace",
    "tire_deg_rate",
    "track_temp",
    "air_temp",
    "stint_number"
  ]
}