{
  "actual": [
    83.077,
    81.32,
    82.89,
    81.328,
    82.838,
    81.003,
    83.031,
    83.015,
    82.795,
    82.919,
    83.118,
    83.576,
    81.358
  ],
  "predicted": [
    83.03470202114005,
    81.44968898988508,
    82.81548851140994,
    81.27361077531933,
    82.89773993210257,
    81.21674181101831,
    82.83546590094814,
    82.84295745100137,
    82.79524817513867,
    82.86820326882588,
    83.08122977224322,
    83.45320840578287,
    81.51604304085417
  ],
  "residuals": [
    0.042297978859949126,
    -0.12968898988508215,
    0.07451148859006196,
    0.05438922468067631,
    -0.059739932102573334,
    -0.21374181101830914,
    0.19553409905186925,
    0.17204254899863258,
    -0.0002481751386653741,
    0.05079673117411687,
    0.03677022775677585,
    0.12279159421711938,
    -0.15804304085416732
  ],
  "feature_names": [
    "lap_number",
    "lap_progress",
    "tire_age",
    "tire_age_squared",
    "fuel_remaining_kg",
    "fuel_consumed_kg",
    "compound_HARD",
    "fp3_baseline_pace",
    "tire_deg_rate",
    "track_temp",
    "air_temp",
    "stint_number"
  ]
}