{
  "year": 2025,
  "final_model": "Stacking Ensemble",
  "test_r2": 0.9796674816836859,
  "train_r2": 0.9308550912407733,
  "mae": 0.10081506479446253,
  "rmse": 0.12031783042626469,
  "overfit_gap": -0.048812390442912634,
  "dataset_size": 50,
  "physics_features": {
    "fp3_baseline": 79.498,
    "medium_deg_rate": -2.065426470588235,
    "hard_deg_rate": 0.06,
    "race_track_temp": 43.28819444444444,
    "race_air_temp": 26.76111111111111,
    "fuel_effect_per_kg": 0.03
  }
}