{
  "actual": [
    84.926,
    84.829,
    84.798,
    85.078,
    84.815,
    85.122,
    85.66,
    85.794,
    85.953,
    85.512,
    85.618
  ],
  "predicted": [
    84.97689731108582,
    85.09612240543755,
    85.05244253765906,
    84.95055406927612,
    84.87216367567824,
    84.98196657808339,
    85.66230676525214,
    85.83867005536861,
    85.83939829855521,
    85.73849207988034,
    85.66257248601602
  ],
  "residuals": [
    -0.0508973110858193,
    -0.2671224054375614,
    -0.25444253765905955,
    0.12744593072388,
    -0.057163675678239656,
    0.1400334219166126,
    -0.00230676525214335,
    -0.04467005536861279,
    0.11360170144479298,
    -0.22649207988034448,
    -0.044572486016022594
  ],
  "feature_names": [
    "lap_number",
    "lap_progress",
    "tire_age",
    "tire_age_squared",
    "fuel_remaining_kg",
    "fuel_consumed_kg",
    "compound_HARD",
    "fp3_baseline_pace",
    "tire_deg_rate",
    "track_temp",
    "air_temp",
    "stint_number"
  ]
}