{
  "actual": [
    84.926,
    84.829,
    84.798,
    85.078,
    84.815,
    85.122,
    85.66,
    85.794,
    85.953,
    85.512,
    85.618,
    84.918,
    84.919
  ],
  "predicted": [
    84.96137270003346,
    85.1041602366238,
    85.07635139436248,
    84.94170811934673,
    84.92622671369755,
    84.95442724125499,
    85.6872506082526,
    85.77951904037435,
    85.84637020471833,
    85.76020836835332,
    85.7163875493757,
    85.02979994079354,
    84.88806052032415
  ],
  "residuals": [
    -0.035372700033462934,
    -0.2751602366238046,
    -0.278351394362474,
    0.1362918806532747,
    -0.11122671369754755,
    0.16757275874500976,
    -0.027250608252600728,
    0.014480959625643663,
    0.10662979528167682,
    -0.2482083683533176,
    -0.09838754937570116,
    -0.1117999407935315,
    0.03093947967585109
  ],
  "feature_names": [
    "lap_number",
    "lap_progress",
    "tire_age",
    "tire_age_squared",
    "fuel_remaining_kg",
    "fuel_consumed_kg",
    "compound_HARD",
    "fp3_baseline_pace",
    "tire_deg_rate",
    "track_temp",
    "air_temp",
    "stint_number"
  ]
}