{
  "actual": [
    85.502,
    85.751,
    85.398,
    86.137,
    85.434,
    85.779,
    87.028,
    86.159,
    86.837,
    85.471,
    86.603,
    86.176,
    85.99,
    85.994,
    85.683
  ],
  "predicted": [
    85.49085235595703,
    85.8609390258789,
    85.5097885131836,
    86.24333190917969,
    85.5123519897461,
    85.80517578125,
    86.72750091552734,
    85.94136047363281,
    86.17963409423828,
    85.5097885131836,
    86.59195709228516,
    86.15821075439453,
    86.3665771484375,
    85.8609390258789,
    85.61477661132812
  ],
  "residuals": [
    0.011147644042964089,
    -0.10993902587890148,
    -0.11178851318359762,
    -0.10633190917968705,
    -0.07835198974609625,
    -0.026175781250003638,
    0.30049908447266205,
    0.21763952636719353,
    0.657365905761722,
    -0.03878851318359011,
    0.01104290771483818,
    0.017789245605470683,
    -0.3765771484375051,
    0.13306097412109352,
    0.06822338867188193
  ],
  "feature_names": [
    "lap_number",
    "lap_progress",
    "tire_age",
    "tire_age_squared",
    "fuel_remaining_kg",
    "fuel_consumed_kg",
    "compound_HARD",
    "fp3_baseline_pace",
    "tire_deg_rate",
    "track_temp",
    "air_temp",
    "stint_number"
  ]
}