{
  "actual": [
    85.502,
    85.751,
    85.398,
    86.137,
    85.434,
    85.779,
    87.028,
    86.159,
    86.837,
    85.471,
    86.603,
    86.176
  ],
  "predicted": [
    85.41966409908628,
    85.98792223439605,
    85.43400276335305,
    86.33758015801402,
    85.48260678536164,
    85.93514782497998,
    86.75288225414903,
    85.9377694929034,
    86.35500516264595,
    85.45792149230738,
    86.6594019505843,
    86.06515267091935
  ],
  "residuals": [
    0.08233590091371923,
    -0.23692223439604732,
    -0.036002763353053524,
    -0.20058015801402007,
    -0.04860678536164187,
    -0.15614782497998192,
    0.27511774585097726,
    0.22123050709660674,
    0.48199483735405124,
    0.013078507692625863,
    -0.056401950584302085,
    0.11084732908065575
  ],
  "feature_names": [
    "lap_number",
    "lap_progress",
    "tire_age",
    "tire_age_squared",
    "fuel_remaining_kg",
    "fuel_consumed_kg",
    "compound_HARD",
    "fp3_baseline_pace",
    "tire_deg_rate",
    "track_temp",
    "air_temp",
    "stint_number"
  ]
}