{
  "year": 2023,
  "final_model": "GradientBoosting (Tuned)",
  "test_r2": 0.8649356805814112,
  "train_r2": 0.9979290882175285,
  "mae": 0.1439722222222244,
  "rmse": 0.1987940261044478,
  "overfit_gap": 0.13299340763611722,
  "dataset_size": 48,
  "physics_features": {
    "fp3_baseline": 80.998,
    "medium_deg_rate": -0.353294491525423,
    "hard_deg_rate": 0.06,
    "race_track_temp": 42.928205128205136,
    "race_air_temp": 29.330128205128204,
    "fuel_effect_per_kg": 0.03
  }
}