{
  "years": [
    2022,
    2023,
    2024,
    2025
  ],
  "r2_scores": [
    0.8518791451825427,
    0.7854038464231756,
    0.923043425958214,
    0.9799556147242944
  ],
  "mae_scores": [
    0.12628249119029972,
    0.17079923095703292,
    0.1986581345704792,
    0.08630360532801547
  ],
  "train_r2_scores": [
    0.9723731126681561,
    0.9992875175929778,
    0.9982121598359959,
    0.9165231763479413
  ],
  "overfit_gaps": [
    0.12049396748561336,
    0.21388367116980223,
    0.07516873387778189,
    -0.06343243837635304
  ],
  "model_names": [
    "CatBoost",
    "XGBoost (Tuned)",
    "CatBoost (Tuned)",
    "RandomForest (Tuned)"
  ],
  "baseline_paces": [
    81.252,
    80.998,
    80.368,
    79.498
  ],
  "medium_deg_rates": [
    -3.2589280719280693,
    -0.353294491525423,
    -1.2586038961038966,
    -2.065426470588235
  ],
  "dataset_sizes": [
    43,
    48,
    48,
    50
  ]
}