{
  "years": [
    2022,
    2023,
    2024,
    2025
  ],
  "r2_scores": [
    0.8686314223135109,
    0.8649356805814112,
    0.9128260445914831,
    0.9796674816836859
  ],
  "mae_scores": [
    0.12079530640573534,
    0.1439722222222244,
    0.18945908517541574,
    0.10081506479446253
  ],
  "train_r2_scores": [
    0.9724060630233256,
    0.9979290882175285,
    0.9971611455349381,
    0.9308550912407733
  ],
  "overfit_gaps": [
    0.10377464070981468,
    0.13299340763611722,
    0.08433510094345498,
    -0.048812390442912634
  ],
  "model_names": [
    "CatBoost",
    "GradientBoosting (Tuned)",
    "CatBoost (Tuned)",
    "Stacking Ensemble"
  ],
  "baseline_paces": [
    81.252,
    80.998,
    80.368,
    79.498
  ],
  "medium_deg_rates": [
    -3.2589280719280693,
    -0.353294491525423,
    -1.2586038961038966,
    -2.065426470588235
  ],
  "dataset_sizes": [
    43,
    48,
    48,
    50
  ]
}