year,model_name,test_r2,train_r2,mae,rmse,overfit_gap,dataset_size,fp3_baseline,medium_deg_rate,hard_deg_rate,track_temp,air_temp
2022,CatBoost,0.8686314223135109,0.9724060630233256,0.12079530640573534,0.149543815836267,0.10377464070981468,43,81.252,-3.2589280719280693,0.06,43.138775510204084,27.73469387755102
2023,GradientBoosting (Tuned),0.8649356805814112,0.9979290882175285,0.1439722222222244,0.1987940261044478,0.13299340763611722,48,80.998,-0.353294491525423,0.06,42.928205128205136,29.330128205128204
2024,CatBoost (Tuned),0.9128260445914831,0.9971611455349381,0.18945908517541574,0.34527749850390954,0.08433510094345498,48,80.368,-1.2586038961038966,0.06,49.31127819548872,33.1015037593985
2025,Stacking Ensemble,0.9796674816836859,0.9308550912407733,0.10081506479446253,0.12031783042626469,-0.048812390442912634,50,79.498,-2.065426470588235,0.06,43.28819444444444,26.76111111111111
