{
  "actual": [
    83.424,
    82.941,
    83.542,
    82.584,
    83.509,
    81.745,
    85.287,
    85.381,
    85.096,
    83.452,
    84.964,
    85.218,
    84.918,
    83.363,
    83.485
  ],
  "predicted": [
    83.50174777130457,
    82.62072312438369,
    83.50174777130457,
    82.57113770849537,
    83.53842079679359,
    82.6860465805493,
    85.13991763000845,
    85.53252926795562,
    85.04082293021716,
    83.53842079679359,
    85.03828420622928,
    85.56921582235576,
    85.04082293021716,
    82.97860132878132,
    83.67033433954889
  ],
  "residuals": [
    -0.07774777130455846,
    0.32027687561631524,
    0.04025222869543654,
    0.01286229150463214,
    -0.029420796793587556,
    -0.9410465805492976,
    0.14708236999155133,
    -0.15152926795562394,
    0.05517706978284309,
    -0.08642079679358972,
    -0.07428420622927945,
    -0.3512158223557549,
    -0.12282293021715418,
    0.3843986712186762,
    -0.18533433954888778
  ],
  "feature_names": [
    "lap_number",
    "lap_progress",
    "tire_age",
    "tire_age_squared",
    "fuel_remaining_kg",
    "fuel_consumed_kg",
    "compound_HARD",
    "fp3_baseline_pace",
    "tire_deg_rate",
    "track_temp",
    "air_temp",
    "stint_number"
  ]
}