{
  "actual": [
    83.424,
    82.941,
    83.542,
    82.584,
    83.509,
    81.745,
    85.287,
    85.381,
    85.096,
    83.452,
    84.964,
    85.218
  ],
  "predicted": [
    83.48515618959144,
    83.14136751675598,
    83.48515618959144,
    82.58955622169644,
    83.4838785238757,
    82.82593713062514,
    85.09111529890015,
    85.54097463779121,
    85.1325692275582,
    83.48899064086396,
    84.99501067740441,
    85.60109679218552
  ],
  "residuals": [
    -0.06115618959142921,
    -0.20036751675597486,
    0.05684381040856579,
    -0.005556221696437547,
    0.025121476124297715,
    -1.0809371306251307,
    0.19588470109985678,
    -0.15997463779120835,
    -0.036569227558203465,
    -0.0369906408639622,
    -0.031010677404410103,
    -0.38309679218551196
  ],
  "feature_names": [
    "lap_number",
    "lap_progress",
    "tire_age",
    "tire_age_squared",
    "fuel_remaining_kg",
    "fuel_consumed_kg",
    "compound_HARD",
    "fp3_baseline_pace",
    "tire_deg_rate",
    "track_temp",
    "air_temp",
    "stint_number"
  ]
}