{
  "year": 2024,
  "final_model": "CatBoost (Tuned)",
  "test_r2": 0.9128260445914831,
  "train_r2": 0.9971611455349381,
  "mae": 0.18945908517541574,
  "rmse": 0.34527749850390954,
  "overfit_gap": 0.08433510094345498,
  "dataset_size": 48,
  "physics_features": {
    "fp3_baseline": 80.368,
    "medium_deg_rate": -1.2586038961038966,
    "hard_deg_rate": 0.06,
    "race_track_temp": 49.31127819548872,
    "race_air_temp": 33.1015037593985,
    "fuel_effect_per_kg": 0.03
  }
}